citation,count
492 U.S. 229,108
473 U.S. 479,98
827 S.W.2d 833,76
148 S.W.3d 124,61
556 U.S. 938,61
452 U.S. 576,54
240 S.W.2d 288,51
530 U.S. 57,51
453 F.3d 1244,45
550 U.S. 544,43
544 S.W.2d 367,41
998 F.2d 1534,41
191 S.W.3d 858,40
596 F.3d 751,39
556 U.S. 662,38
"492 U.S.
229",38
603 S.W.3d 804,35
28 S.W.3d 611,35
385 S.W.3d 552,34
833 F.3d 1242,34
35 S.W.3d 602,33
"473
U.S. 479",33
584 F.3d 859,32
810 F.2d 925,32
917 F.2d 1507,32
668 F.3d 393,32
256 S.W.3d 257,30
839 F.2d 900,30
835 F.3d 295,30
511 S.W.2d 263,29
165 S.W.3d 336,29
424 U.S. 319,28
144 S.W.3d 661,28
546 S.W.3d 145,27
276 S.W.3d 592,26
355 F.2d 872,26
413 F.3d 1253,26
503 U.S. 258,26
987 S.W.2d 167,25
969 S.W.2d 427,25
677 S.W.3d 918,25
553 U.S. 639,25
66 S.W.3d 239,24
257 S.W.3d 794,24
985 F.3d 1272,24
444 U.S. 37,24
935 F.2d 1106,24
782 F.2d 883,24
254 S.W.3d 659,23
760 S.W.2d 245,23
458 S.W.3d 532,23
133 S.W.3d 217,23
872 F.2d 347,23
"473 U.S.
479",23
907 S.W.2d 454,22
945 S.W.2d 268,22
815 F.2d 579,22
698 S.W.2d 362,21
700 S.W.2d 916,21
826 F.2d 923,21
315 S.W.3d 533,21
855 F.2d 241,21
415 S.W.2d 642,20
783 S.W.2d 202,20
327 F.3d 1081,20
349 F.3d 1253,20
886 F.2d 1262,20
"492
U.S. 229",20
118 S.W.3d 742,19
57 S.W.3d 456,19
212 S.W.3d 417,19
774 S.W.2d 662,19
926 S.W.2d 391,19
93 S.W.3d 372,19
379 S.W.3d 267,19
480 F.3d 351,19
"191 S.W.3d
858",19
47 F.3d 1280,19
187 S.W.3d 148,18
"123

S.W.3d 456",18
"123 
S.W.3d 456",18
411 S.W.3d 445,18
556 U.S. 868,18
832 S.W.2d 424,18
275 S.W.3d 109,18
51 S.W.3d 727,18
"553
U.S. 639",18
741 F.2d 482,18
474 U.S. 438,18
"35
S.W.3d 602",17
"35 
S.W.3d 602",17
325 S.W.3d 640,17
96 S.W.3d 708,17
"148
S.W.3d 124",17
485 U.S. 80,17
909 S.W.2d 872,17
959 S.W.2d 265,17
695 F.3d 1125,17
210 S.W.3d 609,16
79 S.W.3d 10,16
901 S.W.2d 926,16
815 S.W.2d 548,16
127 S.W.3d 1,16
4 S.W.3d 897,16
661 F.3d 1291,16
946 S.W.2d 533,16
119 S.W.3d 707,16
29 S.W.3d 199,16
151 S.W.3d 206,15
"255
S.W.3d 613",15
193 S.W.3d 181,15
499 S.W.3d 888,15
62 S.W.3d 225,15
"255 
S.W.3d 613",15
374 S.W.2d 417,15
774 S.W.2d 644,15
290 S.W.3d 204,15
994 S.W.2d 628,15
654 S.W.2d 442,15
363 S.W.3d 573,15
852 S.W.2d 440,15
826 F.3d 1237,15
"998 F.2d
1534",15
976 F.2d 1016,15
43 F.3d 198,15
507 U.S. 170,15
493 U.S. 1074,14
842 S.W.2d 7,14
96 S.W.3d 705,14
734 S.W.2d 673,14
897 S.W.2d 765,14
369 S.W.2d 331,14
670 S.W.2d 681,14
892 S.W.2d 855,14
833 S.W.2d 612,14
225 S.W.3d 676,14
291 S.W.2d 677,14
984 S.W.2d 672,14
380 U.S. 545,14
330 S.W.3d 411,14
239 S.W.3d 910,14
593 S.W.3d 271,14
"462 
S.W.3d 528",13
"462
S.W.3d 528",13
870 S.W.2d 556,13
630 S.W.2d 759,13
"210 S.W.3d
609",13
"210 S.W.3d 
609",13
945 S.W.2d 872,13
796 S.W.2d 534,13
644 S.W.2d 449,13
243 S.W.3d 611,13
46 S.W.3d 237,13
"65 
S.W.3d 133",13
530 S.W.2d 930,13
779 S.W.2d 119,13
421 U.S. 35,13
"65
S.W.3d 133",13
496 S.W.3d 270,13
346 S.W.3d 769,13
989 F.2d 733,13
89 S.W.3d 17,13
332 S.W.3d 448,13
582 S.W.2d 772,13
"452 U.S.
576",13
873 S.W.2d 477,13
214 F.3d 776,13
751 F.3d 990,13
101 S.W.2d 798,12
315 S.W.3d 860,12
339 U.S. 306,12
325 S.W.3d 261,12
407 U.S. 67,12
"405
U.S. 645",12
"405 
U.S. 645",12
695 S.W.3d 417,12
855 S.W.2d 799,12
252 S.W.3d 113,12
226 S.W.3d 400,12
284 S.W.3d 366,12
656 F.2d 1039,12
972 F.2d 1545,12
"556 U.S.
938",12
925 S.W.2d 672,12
34 S.W.3d 547,12
556 F.3d 261,12
129 S.W.3d 594,12
167 F.3d 402,12
"556 S.W.3d
472",12
691 S.W.3d 774,12
556 S.W.3d 472,12
"8 
S.W.3d 377",11
"8
S.W.3d 377",11
223 S.W.3d 756,11
113 S.W.3d 735,11
507 S.W.3d 259,11
189 S.W.3d 400,11
86 S.W.3d 538,11
"71 U.S.
158",11
161 S.W.2d 489,11
864 S.W.2d 186,11
972 S.W.2d 850,11
"71 U.S. 
158",11
202 S.W.3d 414,11
"858 S.W.2d
368",11
159 S.W.3d 203,11
"858  S.W.2d
368",11
"148
S.W.3d  124",11
640 S.W.2d 873,11
405 S.W.3d 406,11
442 S.W.3d 682,11
"933
S.W.2d 402",11
"933 
S.W.2d 402",11
639 S.W.2d 270,11
401 U.S. 37,11
96 S.W.3d 256,11
204 F.3d 1005,11
428 S.W.3d 319,11
90 F.3d 118,11
975 F.2d 1134,11
746 F. Supp. 1354,11
781 F.3d 182,11
177 S.W.3d 232,10
535 S.W.2d 215,10
"507 S.W.3d 
259",10
708 S.W.2d 429,10
838 S.W.2d 734,10
793 S.W.2d 652,10
275 S.W.3d 458,10
234 U.S. 385,10
615 S.W.2d 202,10
58 L. Ed. 1363,10
571 S.W.2d 859,10
718 S.W.2d 2,10
841 S.W.2d 491,10
"987 S.W.2d
167",10
213 S.W.3d 541,10
607 S.W.3d 471,10
683 S.W.3d 850,10
300 F.3d 1208,10
776 S.W.2d 651,10
502 U.S. 9,10
13 S.W.3d 525,10
113 S.W.3d 56,10
402 S.W.3d 239,10
694 F.3d 783,10
"815 F.2d
579",10
435 U.S. 349,10
486 S.W.3d 669,10
850 F.2d 650,10
492 S.W.3d 791,10
932 S.W.2d 500,10
535 S.W.3d 506,9
586 S.W.2d 843,9
115 S.W.3d 141,9
593 S.W.3d 133,9
45 S.W.3d 764,9
39 S.W.3d 250,9
"244 S.W.3d 
840",9
88 S.W.3d 297,9
244 S.W.3d 840,9
252 S.W.3d 736,9
234 S.W.3d 30,9
274 S.W.3d 185,9
217 S.W.3d 911,9
495 S.W.3d 40,9
159 S.W.3d 615,9
159 S.W.3d 194,9
"325 S.W.3d
261",9
399 S.W.3d 685,9
"325 S.W.3d 
261",9
"325 S.W.3d

19",9
65 S.W.3d 133,9
531 S.W.3d 178,9
507 U.S. 292,9
34 S. Ct. 779,9
355 S.W.3d 715,9
"498
S.W.3d 53",9
126 S.W.3d 268,9
414 S.W.3d 800,9
224 F.3d 425,9
706 F.2d 1322,9
918 F.2d 418,9
875 F.2d 1271,9
719 F.2d 5,9
"559
U.S. 1",9
393 U.S. 286,9
200 F.3d 189,9
892 F. Supp. 1477,9
837 F.2d 356,9
198 S.W.3d 444,9
602 S.W.3d 486,9
474 S.W.3d 284,9
997 S.W.2d 226,9
596 S.W.3d 789,9
17 S.W.3d 765,9
"654
S.W.2d 442",8
"654 
S.W.2d 442",8
"945 
S.W.2d 872",8
"945
S.W.2d 872",8
"507 S.W.3d
259",8
"244 S.W.3d
840",8
602 S.W.3d 504,8
818 S.W.2d 45,8
546 U.S. 459,8
"498 
S.W.3d 53",8
408 U.S. 471,8
76 S.W.3d 512,8
255 S.W.3d 613,8
355 S.W.3d 611,8
692 S.W.3d 467,8
555 S.W.3d 812,8
"276
S.W.3d 592",8
571 F.2d 880,8
493 S.W.3d 624,8
52 S.W.3d 698,8
853 S.W.2d 543,8
565 F.3d 214,8
630 S.W.3d 1,8
615 F.3d 312,8
618 F.3d 300,8
247 S.W.3d 787,8
202 S.W.3d 286,8
"860 S.W.2d
267",8
584 S.W.3d 543,8
115 S.W.3d 534,8
547 U.S. 293,8
247 F.3d 543,8
600 S.W.3d 452,8
357 S.W.3d 796,8
442 U.S. 330,8
974 F.2d 246,8
522 U.S. 52,8
774 F.2d 1350,8
357 S.W.3d 103,8
596 S.W.3d 387,8
285 S.W. 1063,7
972 S.W.2d 19,7
"240
S.W.2d 288",7
41 S.W.3d 807,7
543 S.W.2d 349,7
494 S.W.3d 708,7
307 S.W.3d 299,7
222 S.W.3d 434,7
145 S.W.3d 203,7
164 S.W.3d 379,7
121 S.W.3d 709,7
900 S.W.2d 716,7
"460 S.W.2d
887",7
"682
F.3d 381",7
855 S.W.2d 619,7
"677 F.3d 
712",7
144 S.W.3d 438,7
"682 
F.3d 381",7
850 S.W.2d 694,7
652 S.W.2d 932,7
"460 S.W.2d 
887",7
388 F.3d 515,7
"677 F.3d
712",7
206 S.W.3d 639,7
157 S.W.3d 814,7
885 F.3d 874,7
"457 
U.S. 423",7
934 S.W.2d 843,7
80 S.W.3d 174,7
96 S.W.3d 533,7
805 F.3d 523,7
145 S.W.3d 351,7
641 S.W.3d 596,7
455 U.S. 422,7
632 S.W.2d 146,7
89 S.W.3d 814,7
"226
S.W.3d 400",7
579 U.S. 325,7
194 F.3d 1089,7
490 F.3d 791,7
319 F.3d 225,7
630 F.2d 804,7
544 S.W.3d 836,7
"886 F.2d
1262",7
"833
F.3d 1242",7
"191
S.W.3d 858",7
443 S.W.3d 101,7
862 S.W.2d 201,7
692 S.W.3d 184,7
865 F.2d 1370,7
67 F.3d 463,7
487 S.W.3d 154,7
508 S.W.3d 232,7
126 S.W.3d 251,7
"833 F.3d
1242",7
148 S.W.3d 502,7
541 S.W.3d 331,7
516 S.W.3d 71,7
435 U.S. 247,7
183 S.W.3d 853,7
608 S.W.3d 265,7
504 U.S. 689,7
489 U.S. 1079,7
483 U.S. 143,7
186 F.3d 928,7
203 F.3d 1202,7
729 F.2d 1302,7
156 F.3d 721,7
451 U.S. 527,7
52 S.W.3d 318,7
907 S.W.2d 484,7
"550
U.S. 544",7
482 U.S. 386,7
920 F.3d 958,7
488 S.W.2d 872,7
960 S.W.2d 35,6
19 S.W.3d 548,6
"507 S.W.3d

259",6
"282
S.W.3d 899",6
"282 
S.W.3d 899",6
282 S.W.3d 899,6
24 S.W.3d 334,6
"108 S.W.3d 
467",6
291 S.W.2d 303,6
"105 S.W.3d 
763",6
"346 S.W.3d 
769",6
903 F.2d 352,6
"346 S.W.3d
769",6
"28 
S.W.3d 611",6
155 S.W.2d 793,6
105 S.W.3d 763,6
"105 S.W.3d
763",6
456 S.W.2d 885,6
683 S.W.3d 400,6
"108 S.W.3d

467",6
287 S.W.3d 382,6
"453 F.3d
1244",6
243 S.W.3d 191,6
155 S.W.3d 478,6
964 S.W.2d 922,6
403 S.W.3d 370,6
420 S.W.3d 245,6
"363 S.W.3d
573",6
994 F.2d 1121,6
484 U.S. 219,6
112 F.3d 1339,6
992 S.W.2d 444,6
911 S.W.2d 890,6
685 S.W.2d 694,6
547 U.S. 451,6
"556
U.S. 938",6
999 S.W.2d 639,6
901 F.2d 404,6
162 S.W.3d 291,6
450 F.3d 655,6
431 F.3d 353,6
785 F.2d 252,6
764 F.3d 1268,6
631 S.W.3d 163,6
"385
S.W.3d 552",6
360 S.W.3d 526,6
840 F.3d 223,6
595 F.3d 219,6
557 S.W.3d 203,6
642 S.W.3d 189,6
510 U.S. 540,6
884 F.3d 98,6
420 F.3d 897,6
20 F.3d 771,6
219 F.3d 1271,6
8 S.W.3d 636,6
140 S.W.3d 373,6
116 S.W.3d 266,6
113 S.W.3d 340,6
856 S.W.2d 829,6
386 U.S. 547,6
13 S.W.3d 894,6
574 S.W.3d 609,6
965 S.W.2d 605,6
"600 S.W.3d
452",6
415 S.W.3d 888,6
995 S.W.2d 896,6
987 S.W.2d 570,6
633 F.2d 1083,6
235 F.3d 1109,6
30 F.3d 982,6
671 F.2d 832,6
442 F.3d 196,6
915 F.2d 1071,6
495 F.3d 1017,6
545 F.3d 241,6
"827
S.W.2d 833",6
529 U.S. 494,6
975 S.W.2d 584,6
652 S.W.3d 54,6
403 S.W.3d 277,6
598 S.W.3d 389,6
570 S.W.3d 839,6
434 S.W.3d 576,6
837 S.W.2d 94,5
491 S.W.3d 383,5
829 S.W.2d 157,5
565 S.W.3d 450,5
"35 S.W.3d
602",5
"240 
S.W.2d 288",5
968 S.W.2d 346,5
"28
S.W.3d 611",5
405 U.S. 645,5
"457
U.S. 423",5
393 S.W.3d 555,5
221 S.W.3d 609,5
874 S.W.2d 839,5
916 S.W.2d 4,5
262 S.W.3d 799,5
396 S.W.3d 712,5
141 S.W.3d 816,5
716 F. Supp. 493,5
859 F.3d 865,5
728 F.3d 463,5
391 S.W.3d 117,5
"873
S.W.2d 477",5
802 F.3d 665,5
674 F. Supp. 321,5
964 F.2d 193,5
943 F.3d 328,5
653 F. Supp. 908,5
35 F.3d 997,5
"452
U.S. 576",5
12 S.W. 851,5
202 S.W.2d 218,5
297 S.W. 265,5
696 S.W.3d 222,5
22 S.W. 960,5
373 S.W.3d 204,5
"444
U.S. 37",5
221 S.W.3d 729,5
"507 U.S.
292",5
"257 S.W.3d
794",5
425 F.3d 836,5
"810
F.2d 925",5
"596 F.3d
751",5
53 S.W.3d 428,5
846 S.W.2d 289,5
491 S.W.3d 890,5
455 U.S. 745,5
565 S.W.3d 832,5
573 S.W.3d 309,5
818 F.2d 423,5
833 F.3d 512,5
559 U.S. 1,5
51 S.W.3d 719,5
353 F.3d 405,5
133 F.3d 737,5
"547 U.S.
451",5
193 F.3d 852,5
116 S.W.3d 878,5
"989
F.2d 733",5
92 S.W.3d 446,5
858 S.W.2d 556,5
417 S.W.2d 55,5
114 S.W.3d 724,5
190 S.W.3d 884,5
153 S.W.3d 591,5
890 S.W.2d 150,5
92 S.W.3d 489,5
201 S.W.3d 338,5
47 S.W.3d 202,5
"556
U.S. 662",5
341 S.W.3d 360,5
868 S.W.2d 902,5
867 F.2d 877,5
347 U.S. 1,5
145 F.3d 850,5
361 F.3d 217,5
875 F.3d 765,5
"480
F.3d 351",5
519 F.3d 969,5
"685
S.W.2d 694",5
298 S.W.3d 754,5
859 S.W.2d 551,5
163 S.W.3d 191,5
726 S.W.2d 198,5
"256
S.W.3d 257",4
"256

S.W.3d 257",4
"159
S.W.3d 194",4
"385 S.W.3d 
552",4
396 S.W.2d 906,4
27 S. Ct. 236,4
204 U.S. 8,4
795 S.W.2d 700,4
329 S.W.2d 76,4
422 S.W.2d 149,4
830 S.W.2d 232,4
557 S.W.3d 569,4
257 S.W.3d 698,4
219 S.W.3d 327,4
154 S.W.3d 114,4
422 S.W.3d 623,4
189 S.W.3d 777,4
968 S.W.2d 916,4
"240 S.W.2d
288",4
324 S.W.3d 578,4
492 S.W.3d 287,4
"307 S.W.3d
299",4
319 S.W.3d 205,4
515 S.W.3d 420,4
649 F.2d 1066,4
279 S.W.3d 424,4
291 S.W.3d 463,4
692 S.W.2d 470,4
303 F.3d 606,4
692 F.2d 387,4
1 F.3d 304,4
413 F.3d 510,4
"677
S.W.3d 918",4
685 S.W.2d 18,4
"66 S.W.3d
239",4
680 F.3d 162,4
676 S.W.2d 431,4
664 F.2d 971,4
65 F.3d 1523,4
437 F.3d 752,4
627 S.W.3d 211,4
169 S.W.3d 685,4
131 S.W.3d 215,4
"507 U.S.
170",4
142 F.3d 1041,4
"35 F.3d
997",4
486 F.3d 541,4
679 F.3d 544,4
"450 F.3d
655",4
785 F.3d 832,4
901 F.3d 80,4
408 S.W.3d 888,4
"546 S.W.3d
145",4
248 S.W.3d 164,4
206 S.W.3d 732,4
867 S.W.2d 807,4
715 S.W.2d 688,4
729 S.W.2d 768,4
999 S.W.2d 342,4
765 F.2d 517,4
463 S.W.3d 633,4
625 S.W.3d 583,4
846 F.3d 112,4
407 S.W.3d 880,4
434 S.W.3d 815,4
392 S.W.3d 88,4
429 S.W.3d 726,4
221 S.W.3d 639,4
449 S.W.3d 98,4
84 S.W.3d 326,4
507 S.W.3d 783,4
51 S.W.3d 436,4
95 U.S. 714,4
417 S.W.3d 440,4
772 S.W.2d 271,4
535 U.S. 83,4
407 S.W.3d 420,4
444 S.W.3d 24,4
659 S.W.3d 416,4
579 S.W.3d 354,4
136 S.W.3d 635,4
"429
S.W.3d 726",4
195 S.W.3d 689,4
"133
S.W.3d 217",4
283 S.W.3d 336,4
651 S.W.3d 563,4
596 S.W.2d 846,4
512 S.W.2d 317,4
854 S.W.2d 195,4
81 S.W.3d 381,4
803 F.2d 322,4
"873 F.2d
1357",4
70 F.3d 983,4
251 F.3d 881,4
956 F.2d 982,4
541 F.3d 425,4
418 F.2d 71,4
"522
U.S. 52",4
"923 F.2d
496",4
401 F.3d 290,4
577 F.3d 455,4
109 S.W.3d 577,4
612 S.W.2d 677,4
465 U.S. 1025,4
842 F.2d 808,4
804 F.2d 970,4
533 U.S. 158,4
927 S.W.2d 209,4
113 S.W.3d 355,4
474 U.S. 193,4
986 S.W.2d 629,4
933 S.W.2d 341,4
920 S.W.2d 731,4
29 S.W.3d 632,4
53 S.W.3d 848,4
243 S.W.3d 211,4
209 S.W.3d 112,4
999 S.W.2d 521,4
241 S.W.3d 643,4
"238
F.3d 1268",4
551 U.S. 308,4
21 S.W.3d 784,4
604 S.W.2d 306,4
724 S.W.2d 824,4
207 S.W.3d 835,4
349 S.W.3d 548,4
558 S.W.3d 671,4
222 S.W.3d 616,4
88 F.3d 563,4
685 S.W.2d 356,4
101 S.W.3d 174,4
"72
S.W.3d 763",4
34 S.W.3d 559,4
665 S.W.2d 446,4
300 S.W.3d 348,4
452 U.S. 18,4
498 S.W.3d 100,4
434 U.S. 246,4
395 U.S. 337,4
987 S.W.2d 923,4
465 F.3d 719,4
545 S.W.3d 8,4
123 S.W.2d 871,4
925 S.W.2d 656,4
682 S.W.2d 525,4
890 S.W.2d 529,4
111 S.W.3d 617,4
875 S.W.2d 730,4
457 S.W.3d 178,4
704 S.W.2d 482,4
321 S.W.3d 755,4
974 F. Supp. 2d 362,4
857 S.W.2d 659,4
405 S.W.3d 131,4
5 S.W.3d 299,4
765 S.W.2d 440,4
505 S.W.2d 338,4
318 S.W.2d 715,4
"679 S.W.3d
221",4
371 S.W.3d 596,4
365 S.W.3d 822,4
448 S.W.3d 75,4
898 S.W.2d 269,4
341 S.W.3d 323,4
960 S.W.2d 41,4
447 S.W.3d 566,4
883 S.W.2d 775,4
"595
S.W.2d 841",4
543 S.W.2d 5,4
182 S.W. 313,4
800 S.W.2d 511,4
921 S.W.2d 389,4
"552
S.W.3d 893",4
552 S.W.3d 893,4
561 S.W.2d 798,4
888 S.W.2d 471,4
793 S.W.2d 104,4
766 S.W.2d 307,4
543 S.W.2d 89,4
8 S.W.3d 639,4
"39 S.W.2d
1085",4
642 S.W.3d 925,4
417 S.W.3d 569,4
986 S.W.2d 696,4
974 S.W.2d 195,4
516 S.W.2d 119,4
671 S.W.2d 507,4
307 S.W.2d 85,4
766 S.W.2d 900,4
762 S.W.2d 958,4
387 S.W.3d 92,4
442 S.W.3d 256,4
566 S.W.2d 117,4
"97 S.W.3d
353",4
"307
S.W.2d 85",4
"494 S.W.3d
708",4
997 S.W.2d 194,4
"369 S.W.2d
311",4
811 S.W.2d 571,4
959 S.W.2d 241,4
"766
S.W.2d 900",4
603 S.W.2d 773,4
560 S.W.3d 413,4
445 S.W.2d 950,4
123 S.W.3d 685,4
581 S.W.3d 844,4
209 S.W.3d 821,4
428 S.W.3d 212,4
627 S.W.2d 737,4
932 S.W.2d 284,4
433 U.S. 186,4
51 S.W.3d 583,4
104 S.W.3d 571,4
837 S.W.2d 80,4
341 S.W.3d 43,4
369 S.W.3d 137,4
121 S.W.3d 117,4
557 S.W.3d 736,4
976 S.W.2d 671,4
130 S.W.3d 100,4
7 S.W.3d 768,3
229 S.W.3d 802,3
"603 
S.W.3d 804",3
858 S.W.2d 368,3
"603
S.W.3d 804",3
"257
S.W.3d 794",3
"257 
S.W.3d 794",3
"148 
S.W.3d 124",3
874 S.W.2d 656,3
"446 S.W.3d
355",3
"492 S.W.3d 
287",3
"222 
S.W.3d 434",3
"492 S.W.3d
287",3
"222
S.W.3d 434",3
"219 
S.W.3d 327",3
"240 S.W.2d 
288",3
"530 
U.S. 57",3
"968
S.W.2d 346",3
"968 
S.W.2d 346",3
"385 S.W.3d
552",3
"189 
S.W.3d 777",3
"960 S.W.2d

35",3
"189
S.W.3d 777",3
"219
S.W.3d 327",3
"530
U.S. 57",3
"960 S.W.2d 
35",3
273 S.W.3d 152,3
626 S.W.2d 498,3
523 S.W.3d 234,3
876 S.W.2d 304,3
24 S.W.3d 338,3
56 S.W.3d 670,3
892 S.W.2d 20,3
"191 S.W.3d 
858",3
672 F.2d 531,3
131 S.W.3d 99,3
"221
S.W.3d 609",3
53 S.W.3d 328,3
446 S.W.3d 355,3
698 S.W.3d 66,3
"236
S.W.3d 460",3
130 S.W.3d 409,3
168 F.3d 741,3
638 F.2d 848,3
"484 U.S.
219",3
422 S.W.3d 701,3
"224
F.3d 425",3
450 S.W.3d 524,3
286 S.W.3d 408,3
"502
U.S. 9",3
785 F.2d 1274,3
692 S.W.3d 900,3
"113
S.W.3d 56",3
"144 S.W.3d
661",3
55 S.W.3d 243,3
"873 S.W.2d
477",3
692 S.W.3d 917,3
683 S.W.3d 358,3
661 S.W.3d 608,3
138 F.3d 602,3
659 F.3d 1285,3
"290
S.W.3d 204",3
645 S.W.3d 726,3
89 F.3d 1461,3
906 F.2d 1147,3
926 F.2d 1406,3
"936
F.2d 232",3
936 F.2d 232,3
884 F.2d 755,3
886 F.2d 681,3
699 F.3d 466,3
832 F.2d 36,3
"859 F.2d
1179",3
517 U.S. 706,3
"615 F.3d
312",3
782 F.2d 966,3
"782
F.2d 966",3
589 F.3d 389,3
843 F.2d 103,3
828 F.2d 898,3
129 S. Ct. 2237,3
669 S.W.2d 309,3
609 S.W.3d 602,3
"418
S.W.3d 263",3
408 S.W.3d 566,3
235 S.W.3d 392,3
494 S.W.3d 201,3
468 S.W.3d 534,3
625 S.W.3d 19,3
203 S.W.3d 438,3
"999
S.W.2d 639",3
"300
F.3d 1208",3
136 S. Ct. 2090,3
"998
F.2d 1534",3
"826 F.2d
923",3
"275
S.W.3d 109",3
911 S.W.2d 182,3
"496
S.W.3d 270",3
691 S.W.3d 769,3
"435 U.S.
349",3
342 S.W.2d 422,3
"516
S.W.3d 71",3
511 S.W.3d 163,3
70 F.3d 367,3
796 S.W.2d 164,3
71 S.W.3d 452,3
659 S.W.3d 21,3
425 S.W.3d 425,3
"946
S.W.2d 533",3
501 S.W.2d 868,3
8 S.W.3d 303,3
532 S.W.3d 510,3
394 S.W.3d 668,3
629 S.W.3d 453,3
919 S.W.2d 777,3
961 S.W.2d 687,3
498 F. Supp. 2d 831,3
313 F.3d 166,3
257 S.W.3d 684,3
349 S.W.3d 250,3
"349
S.W.3d 250",3
940 S.W.2d 831,3
445 S.W.3d 456,3
"642 S.W.3d
189",3
700 F.2d 408,3
511 F.2d 953,3
401 U.S. 808,3
722 F.3d 1,3
662 F.2d 1066,3
940 F.2d 1121,3
247 F.3d 532,3
939 F.2d 887,3
711 F. Supp. 1244,3
208 F.3d 741,3
399 F.3d 381,3
"522 U.S.
52",3
939 F.3d 16,3
135 F.3d 116,3
923 F.2d 496,3
908 F.3d 1,3
634 F.2d 1159,3
65 F.3d 576,3
49 F.3d 404,3
42 F.3d 795,3
927 F.2d 232,3
935 F.2d 89,3
"997 S.W.2d
226",3
"602 S.W.3d
486",3
122 S.W.3d 911,3
701 S.W.2d 238,3
721 S.W.2d 839,3
476 U.S. 1159,3
179 S.W.3d 112,3
962 S.W.2d 697,3
661 S.W.2d 767,3
247 S.W.3d 747,3
354 S.W.3d 808,3
965 S.W.2d 589,3
985 S.W.2d 513,3
718 S.W.2d 50,3
640 S.W.3d 894,3
428 S.W.3d 850,3
535 S.W.2d 803,3
397 U.S. 967,3
858 F.3d 55,3
674 F.2d 647,3
660 F.2d 996,3
459 F.3d 273,3
"465 U.S.
1025",3
609 F. Supp. 1055,3
807 F.3d 785,3
885 F.2d 656,3
793 F.3d 1194,3
846 S.W.2d 920,3
235 S.W.3d 619,3
192 S.W.3d 849,3
220 S.W.3d 562,3
652 S.W.3d 508,3
34 S.W.3d 625,3
170 S.W.3d 164,3
58 S.W.3d 802,3
251 S.W.3d 79,3
"291
S.W.3d 463",3
100 S.W.3d 658,3
723 F.2d 1250,3
"668
F.3d 393",3
385 F.3d 159,3
"437 F.3d
752",3
"782 F.2d

883",3
771 F.2d 312,3
"550 U.S.
544",3
465 F.3d 1277,3
649 S.W.3d 857,3
952 S.W.2d 930,3
377 S.W.2d 123,3
247 S.W.3d 670,3
95 S.W.2d 1033,3
736 S.W.2d 836,3
"247
S.W.3d 787",3
279 S.W.3d 360,3
145 U.S. 293,3
525 S.W.3d 642,3
66 S.W. 675,3
438 S.W.2d 887,3
"435
U.S. 349",3
973 F.3d 667,3
378 F.3d 71,3
238 F.3d 1268,3
555 S.W.3d 301,3
68 S.W.3d 171,3
940 S.W.2d 594,3
860 S.W.2d 133,3
162 S.W.2d 671,3
622 S.W.3d 602,3
198 S.W.3d 231,3
312 S.W.3d 783,3
256 S.W.3d 719,3
345 S.W.2d 706,3
649 S.W.2d 300,3
"733 S.W.2d
137",3
901 S.W.2d 708,3
112 F.3d 175,3
495 F.3d 191,3
808 F.2d 438,3
965 F.2d 783,3
343 F.3d 719,3
897 F.2d 21,3
"685
S.W.2d 361",3
"976
S.W.2d 671",3
"521 U.S.
702",3
291 S.W.3d 79,3
488 S.W.3d 306,3
"222
S.W.3d 616",3
"405 U.S.
645",3
397 U.S. 254,3
685 S.W.2d 361,3
802 F.2d 606,3
94 F.3d 721,3
975 S.W.2d 601,3
658 S.W.3d 881,3
875 S.W.2d 808,3
"875
S.W.2d 808",3
257 S.W.3d 695,3
727 S.W.2d 126,3
526 S.W.3d 471,3
430 S.W.3d 578,3
49 S.W.3d 503,3
267 S.W.3d 222,3
438 S.W.3d 808,3
552 S.W.2d 493,3
203 S.W.3d 495,3
199 S.W.3d 441,3
646 S.W.3d 908,3
"489 U.S.
705",3
214 F.3d 740,3
58 S.W.3d 305,3
677 S.W.2d 727,3
28 S.W.3d 235,3
573 F.3d 1011,3
922 S.W.2d 256,3
20 S.W.3d 27,3
447 S.W.3d 304,3
"428
S.W.3d 319",3
480 S.W.3d 842,3
453 S.W.2d 490,3
915 S.W.2d 605,3
672 S.W.3d 915,3
474 U.S. 64,3
225 F.3d 1234,3
579 F.3d 204,3
521 U.S. 702,3
616 F.3d 393,3
263 U.S. 413,3
907 F.3d 1324,3
992 F.2d 750,3
142 F.3d 326,3
105 F.3d 1111,3
208 F.3d 435,3
947 F.2d 1418,3
183 F.3d 962,3
"117 F.3d
405",3
920 F.2d 1114,3
460 U.S. 462,3
846 F.2d 1202,3
209 U.S. 123,3
577 U.S. 190,3
363 F.3d 916,3
211 F.3d 760,3
484 U.S. 211,3
487 U.S. 42,3
41 F.3d 47,3
443 F.3d 302,3
127 F.3d 1135,3
793 F.2d 1072,3
50 F.3d 114,3
"211
F.3d 760",3
506 U.S. 139,3
547 U.S. 250,3
457 U.S. 800,3
490 U.S. 386,3
502 U.S. 21,3
153 F.3d 211,3
465 U.S. 89,3
848 F.3d 384,3
828 F.2d 298,3
603 F.3d 290,3
669 F.3d 214,3
443 U.S. 137,3
415 U.S. 651,3
943 F.3d 993,3
528 U.S. 62,3
588 F.3d 838,3
475 U.S. 335,3
657 F.3d 215,3
193 U.S. 561,3
66 F.3d 1402,3
511 U.S. 375,3
726 F.3d 631,3
134 S. Ct. 1935,3
548 U.S. 81,3
446 U.S. 635,3
529 F.3d 278,3
491 U.S. 58,3
133 F.3d 315,3
519 U.S. 425,3
81 F.3d 616,3
403 U.S. 388,3
510 U.S. 266,3
369 F.3d 854,3
"536 U.S.
730",3
717 F.3d 410,3
512 U.S. 107,3
311 F.3d 369,3
"133
F.3d 315",3
675 F.3d 849,3
276 F.3d 736,3
536 U.S. 730,3
415 U.S. 528,3
"407 U.S.
225",3
728 S.W.2d 73,3
528 S.W.3d 251,3
171 S.W.3d 472,3
573 S.W.3d 896,3
"652
S.W.3d 54",3
479 S.W.3d 918,3
471 S.W.3d 915,3
31 S.W.3d 347,3
727 S.W.2d 531,3
394 S.W.3d 703,3
907 S.W.2d 81,3
551 S.W.3d 275,3
116 S.W.3d 923,3
"16
S.W.3d 390",3
963 S.W.2d 550,3
544 S.W.2d 745,3
588 S.W.3d 312,3
393 S.W.3d 821,3
523 F.3d 546,2
"2 F.3d
590",2
"2 F.3d 
590",2
148  S.W.3d  124,2
858  S.W.2d  368,2
650 S.W.3d 428,2
797 S.W.2d 654,2
141 S.W.3d 907,2
117 S.W.3d 831,2
"797
S.W.2d 654",2
153 S.W.3d 54,2
"797 
S.W.2d 654",2
"446 S.W.3d 
355",2
"325 S.W.3d 
1782",2
820 S.W.2d 247,2
619 S.W.3d 679,2
"827 S.W.2d
833",2
659 S.W.3d 381,2
116 S.W.3d 351,2
"917 F.2d
1507",2
"453
F.3d 1244",2
"815
F.2d 579",2
659 S.W.3d 449,2
"292 S.W.2d
329",2
7 S.W.3d 181,2
"292 S.W.2d 
329",2
321 S.W.3d 110,2
767 S.W.2d 699,2
"525
S.W.3d 671",2
"525 
S.W.3d 671",2
206 S.W.3d 572,2
"401
U.S. 37",2
830 S.W.2d 911,2
285 S.W.3d 879,2
478 S.W.2d 821,2
914 S.W.2d 252,2
180 S.W.3d 570,2
"96 S.W.3d
256",2
603 S.W.3d 53,2
484 S.W.3d 656,2
586 S.W.3d 94,2
583 S.W.3d 335,2
129 S.W.3d 732,2
236 S.W.3d 238,2
"987
S.W.2d 167",2
339 S.W.3d 260,2
811 S.W.2d 913,2
244 S.W.3d 433,2
"374
S.W.2d 417",2
115 S.W.3d 740,2
571 S.W.2d 366,2
464 S.W.3d 23,2
693 S.W.2d 782,2
"698
S.W.3d 66",2
443 S.W.3d 441,2
168 S.W.3d 802,2
437 S.W.3d 498,2
940 S.W.2d 401,2
595 F.2d 985,2
"112 F.3d
1339",2
"677 S.W.3d
918",2
264 S.W.3d 800,2
"876 S.W.2d
304",2
94 S.W.3d 799,2
"324
S.W.3d 578",2
"330
S.W.3d 411",2
40 S.W.3d 190,2
"224 F.3d
425",2
806 F.2d 1393,2
879 F.3d 550,2
786 F.3d 400,2
731 F.2d 1160,2
498 U.S. 895,2
561 F.3d 1090,2
494 U.S. 113,2
58 S.W.3d 187,2
226 S.W.2d 996,2
767 S.W.2d 700,2
"200 F.3d
189",2
"556

U.S. 662",2
299 S.W.3d 819,2
"145 S.W.3d
203",2
328 S.W.3d 883,2
344 S.W.3d 414,2
798 S.W.2d 792,2
975 S.W.2d 80,2
"291 S.W.2d
677",2
33 S.W.3d 443,2
60 S.W.3d 877,2
"239 S.W.3d
910",2
"28 S.W.3d
611",2
883 S.W.2d 256,2
773 S.W.2d 338,2
972 S.W.2d 93,2
792 S.W.2d 759,2
690 F.2d 1157,2
145 S.W.3d 316,2
160 S.W.3d 621,2
712 S.W.3d 217,2
795 S.W.2d 257,2
29 S.W.3d 103,2
"862
S.W.2d 201",2
134 S.W.3d 835,2
87 S.W.3d 552,2
"486
S.W.3d 669",2
604 F.2d 976,2
314 U.S. 219,2
322 U.S. 238,2
"148
S.W.3d 502",2
411 U.S. 778,2
509 S.W.3d 512,2
466 U.S. 668,2
165 S.W.3d 315,2
538 S.W.3d 107,2
236 S.W.3d 875,2
"765 F.2d
517",2
313 F.3d 257,2
780 S.W.2d 874,2
"508 S.W.3d
232",2
613 S.W.3d 244,2
365 S.W.3d 314,2
883 S.W.2d 293,2
"994 S.W.2d
682",2
796 S.W.2d 316,2
294 S.W.3d 328,2
"284
S.W.3d 366",2
818 S.W.2d 201,2
816 S.W.2d 813,2
"930 S.W.2d
725",2
"804 S.W.2d
182",2
581 S.W.3d 374,2
938 S.W.2d 456,2
914 S.W.2d 140,2
702 S.W.2d 309,2
126 S.W.3d 635,2
654 S.W.3d 234,2
"422
S.W.3d 701",2
232 S.W.3d 117,2
327 S.W.2d 428,2
228 S.W.3d 354,2
483 S.W.3d 119,2
156 S.W.3d 675,2
321 S.W.3d 619,2
"29 S.W.3d
199",2
781 S.W.2d 886,2
71 F.3d 518,2
782 F.2d 533,2
449 U.S. 24,2
"868 F.2d
740",2
439 U.S. 953,2
705 F.2d 1445,2
367 F.3d 212,2
397 S.W.3d 309,2
873 F.2d 1357,2
173 F.3d 1226,2
12 S.W.3d 913,2
319 S.W.3d 878,2
703 S.W.2d 674,2
178 S.W.3d 747,2
43 S.W.3d 725,2
240 S.W.3d 72,2
145 S.W.3d 683,2
10 S.W.3d 346,2
903 S.W.2d 100,2
462 S.W.3d 551,2
395 U.S. 238,2
819 S.W.2d 860,2
55 S.W.3d 617,2
819 S.W.2d 866,2
"240
S.W.3d 72",2
582 S.W.2d 105,2
997 S.W.2d 650,2
109 S.W.2d 211,2
822 S.W.2d 636,2
827 S.W.2d 606,2
563 S.W.2d 610,2
"319 S.W.3d
878",2
369 S.W.3d 894,2
154 S.W.3d 610,2
"369 S.W.3d
894",2
477 S.W.3d 925,2
935 S.W.2d 131,2
"875 F.2d
1271",2
"547
U.S. 451",2
859 F.2d 1211,2
"503
U.S. 258",2
746 F. Supp. 432,2
917 F.2d 691,2
"837 F.2d
356",2
738 F.3d 338,2
187 F.3d 229,2
520 F.3d 178,2
962 F.2d 187,2
535 F.3d 408,2
862 F.2d 526,2
208 F.3d 72,2
158 F.3d 832,2
"474
U.S. 438",2
333 F.3d 1264,2
527 U.S. 1,2
53 S.W.3d 752,2
689 F.2d 1181,2
889 F.3d 116,2
910 F.2d 1434,2
268 F.3d 103,2
743 F.2d 1060,2
457 F.3d 703,2
454 U.S. 1156,2
"694
F.3d 783",2
18 F.3d 899,2
809 F.2d 1072,2
868 F.2d 740,2
574 F.2d 308,2
"794 F.2d
1030",2
523 F.3d 1258,2
352 S.W.2d 252,2
748 F.3d 984,2
"413
F.3d 1253",2
760 F. Supp. 872,2
796 S.W.2d 482,2
616 S.W.3d 48,2
388 F.3d 796,2
938 F.2d 972,2
364 U.S. 51,2
222 S.W.3d 909,2
"901 S.W.2d
926",2
601 S.W.2d 766,2
"601 S.W.2d
766",2
401 U.S. 371,2
"652
S.W.3d 508",2
51 S.W.3d 596,2
66 S.W.3d 517,2
869 S.W.2d 574,2
765 S.W.2d 451,2
"424 U.S.
319",2
559 S.W.3d 713,2
"380
U.S. 545",2
828 S.W.2d 65,2
659 S.W.3d 504,2
112 S.W.3d 925,2
549 S.W.3d 330,2
342 S.W.3d 96,2
393 S.W.3d 741,2
698 S.W.3d 76,2
860 S.W.2d 579,2
108 S.W.3d 379,2
68 S.W.3d 81,2
715 S.W.3d 349,2
642 F. Supp. 1277,2
457 U.S. 423,2
482 F.3d 1309,2
31 F.3d 279,2
"31
F.3d 279",2
611 F.2d 92,2
979 S.W.2d 686,2
"379 S.W.3d
267",2
124 S.W.3d 149,2
388 F.3d 1199,2
709 F.2d 214,2
685 F.2d 1053,2
13 F.3d 641,2
734 F.2d 1447,2
872 S.W.2d 189,2
519 F.3d 1242,2
416 U.S. 232,2
83 S.W.3d 332,2
"815
S.W.2d 917",2
197 F.3d 772,2
407 F.3d 690,2
565 F.3d 228,2
907 S.W.2d 472,2
"343 F.3d
719",2
117 L. Ed. 2d 532,2
"112 S. Ct.
1311",2
99 S. Ct. 2326,2
60 L. Ed. 2d 931,2
938 F.3d 724,2
831 F.3d 815,2
685 F.2d 1208,2
"474 U.S.
438",2
210 S.W.3d 805,2
336 S.W.2d 440,2
697 S.W.2d 621,2
"95
S.W.3d 286",2
95 S.W.3d 286,2
608 S.W.3d 245,2
"180 S.W.2d
906",2
802 S.W.2d 237,2
659 F.3d 127,2
953 F.3d 1095,2
"746 F. Supp.
1354",2
79 F.3d 1550,2
773 F. Supp. 662,2
854 F. Supp. 975,2
781 F.3d 521,2
"156 F.3d
721",2
363 S.W.3d 859,2
410 S.W.3d 498,2
"807 F.3d
785",2
"167 F.3d
402",2
176 F.3d 315,2
92 F.3d 384,2
162 F.3d 1090,2
"943 F.3d
328",2
818 F.2d 1466,2
986 F.2d 1208,2
"313 F.3d
166",2
660 F.3d 346,2
314 F. Supp. 2d 1198,2
889 F.2d 1481,2
175 L. Ed. 2d 943,2
551 S.W.3d 236,2
587 S.W.3d 484,2
144 S.W.3d 64,2
19 S.W.3d 278,2
791 S.W.2d 628,2
122 L. Ed. 2d 525,2
"855 F.2d
241",2
749 F.3d 1197,2
917 F. Supp. 2d 452,2
821 F.3d 1111,2
246 F.3d 1018,2
546 U.S. 81,2
303 F.3d 765,2
594 F.3d 315,2
130 S.W.3d 894,2
827 S.W.2d 58,2
857 F.2d 137,2
751 F.2d 250,2
775 F.2d 1261,2
472 U.S. 1018,2
"418 F.2d
71",2
741 F. Supp. 334,2
610 F.2d 302,2
"751 F.2d
250",2
"885 F.2d
766",2
"775 F.2d
1261",2
490 U.S. 1113,2
601 F.2d 1251,2
943 F.2d 167,2
859 F.2d 1265,2
869 F.2d 771,2
"869 F.2d
771",2
885 F.2d 766,2
782 F.2d 1191,2
546 U.S. 440,2
561 U.S. 63,2
804 F.3d 1142,2
875 S.W.2d 455,1
14 S.W.3d 756,1
315 S.W.3d 279,1
27 S.W.3d 132,1
"815 S.W.2d

548",1
"815 S.W.2d 
548",1
"385 S.W.3d

552",1
201 S.W.3d 353,1
"35 S.W.3d 
602",1
307 S.W.3d 854,1
933 S.W.2d 402,1
512 S.W.3d 545,1
652 S.W.3d 39,1
142 S. Ct. 1493,1
579 U.S. 162,1
"492 S.W.3d
476",1
"956 
S.W.2d 555",1
"398 
S.W.3d 812",1
387 S.W.3d 127,1
140 S. Ct. 1308,1
653 S.W.3d 176,1
398 S.W.3d 812,1
364 S.W.3d 831,1
430 S.W.3d 384,1
956 S.W.2d 555,1
57 S.W.3d 625,1
221 S.W.3d 550,1
977 S.W.2d 379,1
506 S.W.3d 803,1
866 S.W.2d 243,1
515 S.W.3d 906,1
"398
S.W.3d 812",1
"956
S.W.2d 555",1
12 S.W.3d 71,1
"492 S.W.3d 
476",1
159 S.W.3d 712,1
630 S.W.3d 40,1
546 S.W.3d 110,1
8 L. Ed. 1363,1
"325 S.W.3d 
1806",1
619 S.W.3d 628,1
"619 S.W.3d
628",1
"619 S.W.3d 
628",1
"68
S.W.3d 117",1
486 S.W.3d 1,1
606 S.W.2d 40,1
"559
S.W.3d 645",1
886 S.W.2d 477,1
707 S.W.2d 149,1
180 S.W.3d 733,1
"369 
S.W.3d 301",1
527 S.W.2d 246,1
"559 
S.W.3d 645",1
"68 
S.W.3d 117",1
"68

S.W.3d 117",1
894 S.W.2d 25,1
433 S.W.3d 101,1
248 S.W.3d 892,1
"369
S.W.3d 301",1
720 F.3d 115,1
911 S.W.2d 411,1
300 S.W.3d 1,1
"307 S.W.3d 
299",1
692 S.W.2d 106,1
"827 S.W.2d 
833",1
652 S.W.3d 11,1
734 S.W.2d 671,1
560 S.W.3d 309,1
999 S.W.2d 125,1
113 S.W.3d 730,1
"355 
S.W.3d 611",1
620 S.W.2d 104,1
"355
S.W.3d 611",1
"911
S.W.2d 890",1
"911 
 
S.W.2d 890",1
"783
S.W.2d 202",1
"607 
S.W.3d 471",1
"607
S.W.3d 471",1
"28

S.W.3d 611",1
"783 
S.W.2d 202",1
"540
S.W.3d 553",1
123 S.W.3d 592,1
"540 
S.W.3d 553",1
600 S.W.3d 431,1
"276 
S.W.3d 592",1
173 S.W.3d 887,1
"917 F.2d 
1507",1
699 S.W.2d 305,1
"940 F.2d 
1121",1
616 S.W.3d 869,1
"892 S.W.2d 
20",1
120 S.W.3d 470,1
"892 S.W.2d
20",1
"940 F.2d
1121",1
"303
F.3d 606",1
488 F.3d 639,1
"303 
F.3d 606",1
"815 
F.2d 579",1
"453 F.3d 
1244",1
"453 
F.3d 1244",1
"984 S.W.2d 
672",1
"984 S.W.2d
672",1
962 S.W.2d 38,1
645 S.W.3d 818,1
975 S.W.2d 535,1
78 S.W.3d 462,1
826 S.W.2d 683,1
615 S.W.2d 696,1
"401 
U.S. 37",1
"135
S.W.3d 687",1
"135 
S.W.3d 687",1
"914 S.W.2d
252",1
"221 
S.W.3d 609",1
169 S.W.3d 740,1
"914
S.W.2d 252",1
"914 
S.W.2d 252",1
321 S.W.3d 869,1
16 S.W.3d 473,1
135 S.W.3d 687,1
"914 S.W.2d 
252",1
81 S.W.3d 411,1
717 S.W.3d 1,1
591 S.W.3d 734,1
"437
S.W.3d 498",1
452 S.W.3d 462,1
683 S.W.3d 901,1
"683 S.W.3d
901",1
649 S.W.3d 774,1
570 F.2d 511,1
970 S.W.2d 152,1
692 S.W.3d 720,1
957 S.W.2d 860,1
25 S.W.3d 730,1
"478 S.W.2d
821",1
660 S.W.3d 257,1
666 S.W.2d 176,1
325 S.W.3d 700,1
39 S.W.3d 280,1
9 S.W.2d 141,1
537 S.W.2d 950,1
666 S.W.2d 222,1
342 S.W.3d 254,1
389 S.W.3d 483,1
577 S.W.3d 689,1
793 S.W.2d 701,1
187 S.W.3d 486,1
488 S.W.3d 402,1
"317 S.W.3d
314",1
"488
S.W.3d 402",1
317 S.W.3d 314,1
"910
S.W.2d 29",1
968 S.W.2d 1,1
985 S.W.2d 262,1
157 S.W.3d 439,1
910 S.W.2d 29,1
137 S.W.3d 763,1
949 S.W.2d 492,1
195 S.W.3d 129,1
677 S.W.3d 62,1
805 F.2d 1,1
429 S.W.3d 762,1
842 S.W.2d 655,1
"687
S.W.3d 285",1
440 S.W.3d 621,1
"263 F.3d
1304",1
"842 S.W.2d
655",1
"98 F.3d
1406",1
629 S.W.3d 591,1
687 S.W.3d 285,1
206 S.W.3d 791,1
435 U.S. 589,1
765 S.W.2d 394,1
41 S.W.3d 145,1
198 S.W.3d 476,1
"2 S.W.3d
618",1
199 S.W.3d 363,1
762 S.W.2d 304,1
"199
S.W.3d 363",1
200 S.W.3d 854,1
835 S.W.2d 89,1
319 S.W.3d 137,1
373 S.W.3d 129,1
225 S.W.3d 658,1
2 S.W.3d 618,1
915 S.W.2d 629,1
928 S.W.2d 289,1
"724 S.W.2d
42",1
709 S.W.2d 185,1
686 S.W.2d 742,1
730 S.W.2d 766,1
"391
S.W.3d 154",1
"391 S.W.3d
154",1
531 S.W.3d 183,1
391 S.W.3d 154,1
334 S.W.3d 5,1
90 S.W.3d 833,1
78 S.W.3d 368,1
309 S.W.3d 597,1
788 S.W.2d 205,1
"254 S.W.3d
659",1
628 S.W.3d 288,1
"788 S.W.2d
205",1
"964 S.W.2d
922",1
655 S.W.3d 44,1
607 S.W.3d 9,1
"470 U.S.
532",1
"324 S.W.3d
231",1
948 S.W.2d 921,1
629 S.W.3d 715,1
"938 S.W.2d
492",1
"52
S.W.3d 698",1
940 S.W.2d 843,1
938 S.W.2d 492,1
668 S.W.3d 662,1
22 S.W.3d 331,1
167 S.W.2d 232,1
688 S.W.2d 230,1
"374 S.W.2d
417",1
511 S.W.3d 121,1
371 S.W.3d 465,1
103 S.W.3d 570,1
499 S.W.3d 511,1
176 S.W.3d 390,1
"103
S.W.3d 570",1
"343 S.W.3d
179",1
19 S.W.3d 890,1
856 S.W.2d 725,1
258 S.W.3d 694,1
375 S.W.3d 403,1
525 S.W.3d 814,1
"464 S.W.3d
84",1
343 S.W.3d 179,1
464 S.W.3d 84,1
103 S.W.3d 664,1
591 S.W.3d 138,1
"485
U.S. 80",1
464 S.W.3d 850,1
"465
S.W.3d 768",1
465 S.W.3d 768,1
"355
S.W.3d 82",1
"180 S.W.3d
570",1
617 S.W.3d 198,1
209 S.W.3d 105,1
116 S.W.3d 757,1
"164
S.W.3d 607",1
412 S.W.3d 588,1
"367 S.W.3d
901",1
991 S.W.2d 462,1
428 S.W.3d 247,1
337 S.W.3d 510,1
153 S.W.3d 132,1
801 S.W.2d 108,1
22 S.W.3d 849,1
146 S.W. 567,1
359 S.W.3d 284,1
329 S.W.3d 8,1
260 S.W.3d 568,1
429 S.W.3d 886,1
205 F.3d 1219,1
711 F.3d 1153,1
436 F.3d 1228,1
"773 F.3d
1076",1
773 F.3d 1076,1
"773
F.3d 1076",1
"859
F.3d 865",1
439 F.3d 653,1
816 F.2d 94,1
14 F.3d 1051,1
989 F.2d 772,1
952 F.2d 90,1
555 F.2d 1295,1
924 F.2d 391,1
"728
F.3d 463",1
86 F.3d 404,1
199 F.3d 184,1
"90
F.3d 118",1
464 U.S. 942,1
897 F.2d 183,1
709 F.2d 903,1
927 F.2d 804,1
183 F.2d 962,1
"500
F.2d 59",1
37 F.3d 739,1
"571 F.2d
880",1
830 S.W.2d 355,1
343 S.W.3d 805,1
627 S.W.3d 239,1
492 S.W.3d 300,1
340 S.W.3d 444,1
645 S.W.3d 922,1
236 S.W.3d 207,1
618 S.W.3d 361,1
561 S.W.3d 704,1
827 S.W.2d 9,1
"222 S.W.3d
616",1
"80 S.W.3d

174",1
"414 S.W.3d
800",1
275 S.W.3d 592,1
"292 S.W.3d
236",1
292 S.W.3d 236,1
"969
S.W.2d 427",1
236 S.W.3d 460,1
"827

S.W.2d 833",1
"94
S.W.3d 799",1
"228
S.W.3d 663",1
"158
S.W.3d 876",1
158 S.W.3d 876,1
860 S.W.2d 267,1
"444 S.W.3d
743",1
797 F.2d 1197,1
"112
F.3d 1339",1
498 U.S. 1096,1
879 F.3d 1062,1
316 F.3d 1048,1
858 F.2d 467,1
364 U.S. 310,1
76 F.3d 1205,1
"806 F.2d
862",1
883 F.2d 132,1
886 F.2d 644,1
316 F.2d 787,1
885 F.2d 531,1
401 U.S. 321,1
701 F.2d 1276,1
781 F.2d 1393,1
"316 F.3d
1048",1
957 F.2d 655,1
655 F.2d 977,1
371 U.S. 178,1
349 F.3d 888,1
893 F.2d 1074,1
203 F.3d 1122,1
785 F.2d 762,1
"371
U.S. 178",1
915 F.2d 1230,1
663 F.2d 419,1
464 U.S. 822,1
851 F.2d 1202,1
1 F.3d 1406,1
"371 U.S.
178",1
455 U.S. 1018,1
606 F.3d 1256,1
522 F.3d 82,1
"883
F.2d 132",1
8 F.3d 680,1
833 F.2d 183,1
"731 F.2d
1160",1
355 F.3d 345,1
151 F.3d 402,1
778 F.2d 200,1
52 F.3d 1173,1
606 F.3d 235,1
274 F.3d 38,1
"596
F.3d 751",1
844 F.2d 660,1
660 F. Supp. 696,1
488 U.S. 890,1
"716
F. Supp. 493",1
595 F.3d 1120,1
40 F.3d 337,1
750 F.2d 810,1
776 F.3d 1103,1
889 F.3d 1153,1
"951 F. Supp. 2d
1136",1
647 F. Supp. 974,1
951 F. Supp. 2d 1136,1
"647
F. Supp. 974",1
33 F.3d 685,1
911 S.W.2d 443,1
352 S.W.3d 875,1
181 S.W.2d 891,1
41 S.W.3d 693,1
"761
S.W.2d 82",1
"249
S.W.3d 568",1
"138
S.W.2d 94",1
877 S.W.2d 482,1
193 S.W.3d 161,1
792 S.W.2d 150,1
830 S.W.2d 251,1
761 S.W.2d 82,1
559 S.W.3d 634,1
533 S.W.2d 433,1
193 S.W.3d 690,1
"58
S.W.3d 187",1
"226
S.W.2d 996",1
"118 S.W.3d
742",1
"911
S.W.2d 443",1
141 S.W.3d 760,1
242 S.W.3d 823,1
"342
S.W.2d 422",1
377 S.W.3d 89,1
161 S.W.3d 617,1
839 F.2d 1124,1
438 S.W.3d 704,1
"239 S.W.3d
826",1
540 S.W.3d 553,1
177 S.W.3d 144,1
270 S.W.3d 609,1
"348
U.S. 11",1
233 F.2d 796,1
92 S.W.3d 870,1
431 S.W.3d 682,1
508 F.3d 812,1
303 U.S. 41,1
"796
S.W.2d 164",1
545 S.W.2d 573,1
593 S.W.3d 250,1
102 S. Ct. 1388,1
24 S.W.3d 853,1
"71 S.W.3d
452",1
116 S.W.3d 337,1
308 U.S. 444,1
374 S.W.2d 196,1
442 U.S. 946,1
93 S.W.3d 609,1
183 S.W.3d 548,1
317 S.W.3d 250,1
711 S.W.2d 624,1
972 S.W.2d 921,1
20 S.W.3d 812,1
666 S.W.2d 91,1
559 S.W.2d 853,1
"389
S.W.3d 817",1
348 U.S. 3,1
452 S.W.3d 351,1
"126 S. Ct.
1735",1
119 L. Ed. 2d 468,1
164 L. Ed. 2d 480,1
677 F.2d 404,1
864 F.2d 1219,1
921 F.2d 620,1
258 F.3d 361,1
"864 F.2d
1219",1
654 F.2d 339,1
954 F.2d 1087,1
"595 F.3d
219",1
699 F.3d 812,1
"765
F.2d 517",1
"919 S.W.2d
777",1
498 S.W.3d 53,1
185 F.3d 298,1
123 S. Ct. 1057,1
"705
F.2d 1445",1
"330 S.W.3d
411",1
972 F.2d 580,1
"937 F.2d
447",1
937 F.2d 447,1
947 S.W.2d 672,1
794 S.W.2d 560,1
"840 S.W.2d
582",1
891 S.W.2d 731,1
532 S.W.3d 867,1
164 S.W.2d 864,1
"814 S.W.2d
805",1
923 S.W.2d 740,1
857 S.W.2d 819,1
804 S.W.2d 153,1
840 S.W.2d 582,1
807 S.W.2d 16,1
814 S.W.2d 805,1
618 S.W.2d 389,1
184 S.W.3d 419,1
"397
S.W.3d 309",1
"972 F.2d
1545",1
928 F.2d 940,1
"584 F.3d
859",1
537 F.2d 385,1
924 F.2d 176,1
"579 U.S.
325",1
124 F.3d 1246,1
"490 F.3d
791",1
151 S.W.3d 716,1
123 F.3d 268,1
379 F.2d 791,1
82 F.3d 273,1
580 F.2d 730,1
441 F.2d 344,1
"662 F.2d
1066",1
771 F.2d 283,1
766 F.2d 1426,1
385 F.2d 274,1
885 F.2d 1162,1
769 F.2d 940,1
967 F.3d 295,1
829 F.2d 1263,1
804 F.3d 633,1
20 F.3d 480,1
119 F.3d 91,1
362 F.3d 1219,1
528 F.3d 1001,1
"65
F.3d 1523",1
873 F.3d 482,1
996 F.3d 274,1
393 F.3d 669,1
"535
F.3d 408",1
"401
F.3d 290",1
"865
F.2d 1370",1
227 F.3d 543,1
"873 F.3d
482",1
"310 U.S.
150",1
89 F.3d 1050,1
644 F.3d 1213,1
966 F.3d 1101,1
"966 F.3d
1101",1
674 F.3d 332,1
"908 F.3d
1",1
537 U.S. 270,1
264 F.3d 391,1
484 U.S. 19,1
483 U.S. 350,1
114 F.3d 758,1
486 F.3d 1212,1
224 F.3d 158,1
940 F.2d 397,1
284 F.3d 518,1
681 F.3d 1143,1
39 F.3d 1249,1
624 S.W.3d 1,1
339 S.W.3d 756,1
598 F. Supp. 922,1
851 F.3d 1060,1
"869
F.3d 568",1
215 F.3d 1311,1
727 F.3d 1326,1
"200 F.3d
747",1
119 F.3d 935,1
782 F.2d 475,1
943 F.2d 1453,1
"706
F.2d 1322",1
"649 F.2d
1066",1
838 F.2d 759,1
"448 F.2d
815",1
806 F.2d 535,1
321 F.3d 517,1
504 U.S. 255,1
385 F.3d 546,1
481 U.S. 1013,1
46 F.3d 1369,1
687 F.3d 637,1
"298
F.3d 392",1
50 F.3d 345,1
298 F.3d 392,1
964 F.2d 424,1
448 F.2d 815,1
931 F.2d 1035,1
334 F.2d 678,1
"385 F.3d
546",1
797 F.2d 245,1
493 F.3d 484,1
"461 U.S.
913",1
450 U.S. 919,1
688 F.2d 108,1
617 F.2d 455,1
621 F.2d 123,1
804 F.2d 843,1
"797 F.2d
245",1
"964 F.2d
424",1
"18 F.3d
899",1
"791 F.2d
133",1
503 F.3d 103,1
891 F. Supp. 113,1
441 F.3d 716,1
791 F.2d 133,1
419 F.3d 303,1
530 F.3d 1339,1
853 F.2d 436,1
5 S.W.3d 727,1
648 S.W.2d 312,1
909 S.W.2d 192,1
"958
S.W.2d 813",1
894 S.W.2d 406,1
786 S.W.2d 464,1
308 S.W.2d 225,1
417 S.W.2d 738,1
696 S.W.2d 895,1
951 S.W.2d 469,1
337 S.W.3d 903,1
564 S.W.3d 441,1
802 S.W.2d 264,1
627 S.W.2d 444,1
297 S.W.2d 864,1
234 S.W.3d 56,1
47 S.W.3d 17,1
449 S.W.3d 193,1
"116
S.W.3d 426",1
715 S.W.2d 764,1
178 S.W.3d 413,1
622 S.W.3d 74,1
659 S.W.3d 421,1
925 S.W.2d 664,1
530 S.W.2d 288,1
693 S.W.2d 578,1
"39
S.W.3d 316",1
"178 S.W.3d
413",1
898 S.W.2d 251,1
219 S.W.3d 920,1
383 S.W.3d 730,1
"298 S.W.3d
193",1
810 S.W.2d 371,1
810 S.W.2d 13,1
422 S.W.2d 723,1
576 S.W.2d 621,1
363 S.W.3d 268,1
909 S.W.2d 117,1
936 S.W.2d 59,1
646 S.W.3d 771,1
427 S.W.2d 344,1
409 S.W.2d 418,1
39 S.W.3d 316,1
429 S.W.2d 866,1
886 S.W.2d 838,1
67 S.W.3d 364,1
22 S.W.3d 510,1
"852 S.W.2d
440",1
"502 
U.S. 824",1
508 S.W.3d 377,1
130 S.W.3d 294,1
157 S.W.3d 9,1
86 S.W.3d 278,1
985 S.W.2d 516,1
"985 S.W.2d
516",1
15 S.W.3d 163,1
140 S.W.3d 351,1
"65 S.W.3d
785",1
811 S.W.2d 542,1
946 S.W.2d 123,1
65 S.W.3d 785,1
"782 F.2d
883",1
261 F.3d 985,1
965 F.2d 879,1
831 F.2d 212,1
"965 F.2d
879",1
868 F.2d 1147,1
"533
U.S. 158",1
380 F.3d 251,1
153 F.3d 1144,1
"943
S.W.2d 436",1
854 S.W.2d 134,1
544 S.W.3d 861,1
967 S.W.2d 934,1
"148 S.W.3d
124",1
931 S.W.2d 338,1
624 S.W.3d 782,1
"921 S.W.2d
444",1
470 S.W.2d 305,1
175 S.W.3d 901,1
367 F.3d 14,1
20 F.3d 974,1
64 F.3d 967,1
376 F.3d 236,1
144 F.3d 1423,1
187 F.3d 816,1
390 S.W.3d 414,1
187 S.W. 760,1
"282 S.W.3d
899",1
91 S.W.3d 865,1
627 S.W.3d 288,1
439 S.W.2d 403,1
648 S.W.3d 442,1
236 S.W.2d 641,1
228 S.W.3d 214,1
382 S.W.2d 511,1
487 S.W.3d 679,1
367 S.W.3d 442,1
"367
S.W.3d 442",1
574 S.W.3d 406,1
172 S.W.3d 274,1
446 S.W.3d 506,1
231 S.W.3d 389,1
927 S.W.2d 218,1
495 S.W.3d 500,1
241 S.W.3d 609,1
272 S.W.3d 678,1
338 S.W.3d 131,1
"34
S.W.3d 547",1
18 S.W.3d 801,1
"574 S.W.3d
406",1
127 S.W.3d 843,1
"148 S.W.3d 
124",1
339 S.W.2d 69,1
654 S.W.3d 312,1
595 S.W.3d 272,1
365 S.W.3d 455,1
165 S.W.3d 322,1
267 S.W.3d 485,1
689 S.W.2d 212,1
533 S.W.3d 546,1
"698 S.W.3d
76",1
478 S.W.3d 157,1
216 S.W.3d 58,1
516 S.W.3d 488,1
767 S.W.2d 680,1
525 S.W.3d 381,1
"248 S.W.3d
164",1
861 F.3d 748,1
463 U.S. 1,1
671 F.2d 419,1
"547
U.S. 677",1
543 F.3d 248,1
843 F.3d 325,1
44 F.3d 362,1
785 F.3d 1182,1
243 F.3d 912,1
545 U.S. 546,1
"703 S.W.3d
429",1
327 S.W.3d 750,1
489 S.W.3d 24,1
"489 S.W.3d
24",1
703 S.W.3d 429,1
321 S.W.3d 846,1
801 S.W.2d 833,1
"701
S.W.2d 840",1
"321
S.W.3d 846",1
701 S.W.2d 840,1
"801 S.W.2d
833",1
714 S.W.2d 452,1
895 S.W.2d 409,1
"357 S.W.3d
103",1
412 S.W.2d 43,1
595 S.W.2d 841,1
"801
S.W.2d 833",1
"855
S.W.2d 799",1
241 S.W.3d 679,1
"858 S.W.2d
556",1
700 S.W.2d 953,1
892 S.W.2d 56,1
25 S.W.3d 882,1
"892
S.W.2d 56",1
"691 S.W.3d
769",1
495 S.W.3d 393,1
159 S.W.3d 721,1
"860
S.W.2d 579",1
775 F.2d 1387,1
"873 F. Supp. 2d
288",1
"855
F. Supp. 1156",1
479 U.S. 987,1
"794 F.2d
843",1
297 F.3d 940,1
440 F.3d 439,1
878 F.2d 1285,1
98 U.S. 61,1
757 F.3d 701,1
761 F.2d 1549,1
726 F.2d 1022,1
"449 U.S.
24",1
809 F.2d 1016,1
239 F. Supp. 2d 970,1
901 F.3d 523,1
136 S.W.3d 280,1
629 S.W.3d 649,1
825 S.W.2d 227,1
385 S.W.3d 671,1
704 S.W.3d 584,1
89 S.W.3d 233,1
993 S.W.2d 781,1
"89 S.W.3d
233",1
556 S.W.3d 821,1
874 S.W.2d 210,1
279 S.W.3d 336,1
704 S.W.3d 478,1
192 S.W.3d 581,1
37 S.W.3d 31,1
211 S.W.3d 331,1
695 S.W.3d 675,1
446 S.W.3d 415,1
217 S.W.3d 501,1
816 S.W.2d 131,1
555 S.W.3d 141,1
"134 S.W.3d
835",1
169 S.W.3d 803,1
814 F. Supp. 325,1
"11 F.3d
426",1
"457 F.3d
703",1
605 F.3d 1283,1
341 F.3d 1202,1
319 F.3d 1211,1
392 F.3d 1223,1
"122 F.3d
885",1
945 F.3d 1253,1
"319 F.3d
1211",1
"833 F.3d

1242",1
187 F.3d 1160,1
"945 F.3d
1253",1
"186 F.3d
1280",1
477 U.S. 619,1
240 F.3d 871,1
555 F.3d 882,1
275 F.3d 1253,1
59 F.3d 1058,1
271 U.S. 240,1
186 F.3d 1280,1
"187
F.3d 1160",1
126 F.3d 1294,1
491 U.S. 350,1
"401
U.S. 82",1
122 F.3d 885,1
874 F.2d 709,1
883 F.2d 810,1
985 F.2d 1351,1
164 F.3d 1296,1
"457 U.S.
423",1
472 F.3d 747,1
401 U.S. 82,1
572 F.3d 962,1
"646 F.3d
1240",1
"862 F.2d
1213",1
521 F.3d 1097,1
551 U.S. 89,1
393 F.3d 1068,1
266 F.3d 979,1
765 F.3d 306,1
793 F.2d 185,1
684 F.3d 435,1
"513
U.S. 1014",1
86 F.3d 277,1
"429
U.S. 97",1
11 F.3d 21,1
235 F.3d 629,1
221 F.3d 472,1
862 F.2d 1213,1
212 F.3d 105,1
842 S.W.2d 772,1
738 S.W.2d 276,1
727 S.W.2d 542,1
686 S.W.2d 105,1
67 S.W.3d 130,1
951 S.W.2d 394,1
"876
S.W.2d 304",1
482 S.W.3d 706,1
587 S.W.3d 78,1
280 S.W.3d 866,1
885 S.W.2d 389,1
355 S.W.3d 901,1
"601
S.W.3d 704",1
287 S.W.3d 268,1
587 S.W.3d 779,1
212 S.W.3d 373,1
601 S.W.3d 704,1
"587
S.W.3d 779",1
845 F.2d 1360,1
"23
F.3d 129",1
52 S.W.3d 749,1
12 F.3d 1170,1
"4
F.3d 1153",1
819 F.2d 347,1
449 U.S. 900,1
"994 F.2d
1121",1
"63
F.3d 654",1
929 S.W.2d 416,1
492 S.W.3d 276,1
"586
S.W.3d 513",1
404 S.W.3d 607,1
86 S.W.3d 592,1
265 S.W.3d 545,1
466 S.W.3d 783,1
273 S.W.3d 637,1
603 S.W.2d 829,1
98 S.W.3d 194,1
"925 S.W.2d
591",1
"80 S.W.3d
174",1
505 S.W.3d 569,1
783 S.W.2d 824,1
586 S.W.3d 513,1
594 S.W.3d 843,1
968 S.W.2d 938,1
559 S.W.3d 128,1
579 S.W.3d 713,1
"679
S.W.2d 484",1
501 U.S. 1217,1
669 F.2d 894,1
911 F.3d 910,1
740 F.2d 629,1
456 U.S. 929,1
446 F.3d 65,1
"194
F.3d 1089",1
922 F.2d 1008,1
633 F. Supp. 540,1
101 S. Ct. 2524,1
603 F.2d 387,1
445 U.S. 927,1
"388
F.3d 1199",1
176 F.3d 52,1
70 F.3d 1507,1
824 F.2d 1349,1
579 F.3d 241,1
159 F.3d 790,1
346 F.3d 366,1
46 F.3d 258,1
866 F.3d 107,1
802 F.3d 469,1
688 F.2d 919,1
618 F.2d 523,1
374 F.3d 637,1
464 U.S. 849,1
671 F.3d 220,1
630 F.3d 866,1
"553 U.S.
639",1
591 F.3d 46,1
151 F.3d 620,1
725 F.2d 1040,1
179 F.3d 793,1
167 F.3d 739,1
483 F.3d 48,1
167 F.3d 621,1
563 F.2d 836,1
"514
U.S. 669",1
514 U.S. 669,1
440 F.3d 832,1
223 F.3d 102,1
"440
F.3d 832",1
"489
U.S. 1067",1
763 F.2d 778,1
489 U.S. 1067,1
"863 F.2d
1319",1
665 F.2d 877,1
863 F.2d 1319,1
867 F.2d 47,1
610 F.3d 382,1
"119
F.3d 91",1
"812
F. Supp. 1303",1
124 F.3d 31,1
"54
F.3d 1522",1
54 F.3d 1522,1
151 F.3d 889,1
33 F.3d 1244,1
562 F.3d 1344,1
553 U.S. 550,1
605 F.3d 556,1
854 F.3d 341,1
964 F.2d 1029,1
663 F.3d 634,1
529 F.3d 807,1
692 F.3d 435,1
"77
F.3d 105",1
14 F.3d 1469,1
402 U.S. 983,1
274 S.W.3d 150,1
602 S.W.3d 541,1
"530 U.S.
57",1
"339 U.S.
306",1
462 S.W.3d 528,1
573 S.W.2d 596,1
370 S.W.3d 799,1
841 S.W.2d 385,1
396 S.W.2d 855,1
212 S.W.3d 597,1
123 S.W.3d 456,1
"79
S.W.3d 10",1
"870
S.W.2d 556",1
"96

S.W.3d 256",1
432 F.2d 1072,1
"219 S.W.3d
327",1
"942 F.2d
34",1
124 F.3d 216,1
"886 F.2d
681",1
372 F.3d 1250,1
942 F.2d 34,1
662 F.3d 1152,1
438 F.3d 1036,1
555 F.3d 1188,1
918 F.3d 849,1
656 F.3d 1210,1
762 F.3d 1096,1
671 F.3d 1188,1
767 F.3d 1220,1
744 F.3d 702,1
411 U.S. 792,1
14 F.3d 1061,1
528 F.3d 413,1
498 F.3d 483,1
577 F.2d 600,1
634 F.3d 787,1
627 F.3d 540,1
434 F.3d 916,1
843 F.2d 821,1
343 F.3d 769,1
104 F.3d 65,1
238 F.3d 674,1
681 F.3d 215,1
242 F.3d 912,1
138 F.3d 144,1
960 F.2d 19,1
811 F.2d 916,1
998 S.W.2d 605,1
952 F.3d 229,1
926 F.3d 103,1
885 F.2d 300,1
507 U.S. 163,1
125 F.3d 899,1
75 F.3d 190,1
26 F. Supp. 2d 910,1
540 F.3d 333,1
559 F. Supp. 2d 733,1
788 F.3d 490,1
730 F. Supp. 2d 567,1
"941
F.2d 374",1
565 F.3d 200,1
"495 F.3d
191",1
798 F. Supp. 2d 811,1
699 S.W.2d 939,1
939 F.2d 1138,1
48 S.W.3d 749,1
358 S.W.3d 373,1
365 F.3d 353,1
472 U.S. 511,1
668 F.3d 281,1
613 F.2d 507,1
512 U.S. 477,1
281 F.3d 158,1
263 F.2d 525,1
"595
F.3d 219",1
"981 S.W.2d
667",1
311 U.S. 205,1
23 F.3d 129,1
948 F.2d 41,1
"592
S.W.2d 922",1
528 S.W.2d 350,1
209 F.2d 893,1
"480 F.3d
351",1
952 F.2d 702,1
417 F.3d 450,1
553 F.3d 869,1
875 F.3d 179,1
"710 F.3d
219",1
"262
F.3d 472",1
995 F. Supp. 2d 673,1
"751
F.3d 335",1
678 F. Supp. 622,1
457 U.S. 1136,1
293 F.3d 926,1
"656
F.2d 1039",1
739 F.3d 226,1
115 F.3d 1211,1
737 F.3d 55,1
683 F.3d 639,1
"901
F.2d 404",1
529 F.3d 257,1
"938 F.3d
724",1
"43 F.3d
198",1
369 F.3d 464,1
932 F.2d 1572,1
794 F.2d 1030,1
130 F.3d 143,1
129 S. Ct. 1937,1
648 F.2d 367,1
464 U.S. 16,1
378 F.3d 433,1
"556 U.S.
662",1
646 F.2d 997,1
336 F.3d 375,1
78 F.3d 1015,1
485 U.S. 1033,1
832 F.2d 935,1
844 F.2d 1122,1
162 F.3d 827,1
748 F.3d 631,1
898 F.3d 553,1
"224 F.3d
496",1
"551
U.S. 308",1
"336 F.3d
375",1
631 F.3d 777,1
976 F.3d 585,1
224 F.3d 496,1
390 F.3d 400,1
987 F.2d 429,1
635 F.3d 757,1
"390 F.3d
400",1
"162 F.3d
827",1
594 F.3d 383,1
990 F.3d 410,1
500 F.3d 454,1
15 F.3d 1338,1
499 F.3d 1218,1
343 F.3d 533,1
188 F.3d 322,1
"43
F.3d 198",1
802 F.2d 122,1
646 F.2d 946,1
"781
F.2d 394",1
"335 F.3d
476",1
378 F.3d 482,1
"802 F.3d
665",1
"847 F.2d
251",1
724 F.3d 579,1
278 F.3d 417,1
335 F.3d 476,1
983 F.3d 779,1
36 F.3d 69,1
976 F.2d 1303,1
739 F. Supp. 1078,1
847 F.2d 251,1
781 F.2d 394,1
"278 F.3d
417",1
"138 F.3d
602",1
214 F.3d 556,1
51 F.3d 518,1
740 S.W.2d 789,1
411 U.S. 564,1
88 S.W.3d 807,1
296 S.W.3d 707,1
496 U.S. 18,1
"296
S.W.3d 707",1
908 F. Supp. 1494,1
934 F.2d 976,1
138 S. Ct. 282,1
"47 F.3d
1280",1
940 F.2d 359,1
972 F.3d 63,1
941 F.3d 24,1
"972 F.3d
63",1
654 F.3d 753,1
637 F.3d 59,1
503 U.S. 378,1
668 F. Supp. 736,1
836 F.2d 60,1
417 F.3d 353,1
"831
F.3d 815",1
726 F.2d 913,1
935 F.3d 553,1
"401 F.3d
290",1
"793 F.3d
1194",1
851 F.2d 520,1
"356 F.3d
1058",1
747 F.2d 384,1
775 F.2d 1051,1
709 F. Supp. 815,1
473 U.S. 606,1
356 F.3d 1058,1
"747 F.2d
384",1
862 F.2d 1388,1
"618
F.3d 300",1
80 F.3d 688,1
493 U.S. 811,1
837 S.W.2d 631,1
407 U.S. 225,1
191 F.3d 326,1
764 F.3d 486,1
"886

F.2d 986",1
211 F.3d 40,1
557 U.S. 920,1
177 F.3d 472,1
42 F.3d 750,1
784 S.W.2d 421,1
612 S.W.3d 130,1
739 S.W.2d 47,1
602 S.W.3d 536,1
190 S.W.2d 709,1
"698
S.W.2d 362",1
724 S.W.2d 81,1
696 S.W.3d 240,1
865 S.W.2d 493,1
596 S.W.2d 524,1
125 S.W.2d 272,1
870 S.W.2d 663,1
"817
S.W.2d 686",1
682 S.W.2d 340,1
"915 F.2d
1000",1
665 S.W.2d 804,1
40 S.W.3d 617,1
"502 U.S.
9",1
604 F. Supp. 85,1
"711
F. Supp. 1244",1
116 F.3d 641,1
652 F. Supp. 437,1
150 F.3d 62,1
979 F.2d 469,1
819 F.3d 351,1
712 F.2d 388,1
888 F.2d 1006,1
917 F.3d 437,1
329 F.3d 480,1
16 F.3d 670,1
614 F.3d 573,1
748 F.2d 1158,1
766 F.3d 672,1
927 F.2d 999,1
298 F.3d 228,1
795 F.2d 1273,1
893 F.2d 1057,1
803 F.3d 847,1
967 F.2d 636,1
593 F.3d 990,1
465 U.S. 1005,1
"64
S.W.3d 103",1
136 S. Ct. 1899,1
834 S.W.2d 4,1
273 U.S. 510,1
"556
U.S. 868",1
"909 S.W.2d
872",1
64 S.W.3d 103,1
52 S.W.2d 912,1
759 S.W.2d 776,1
476 S.W.2d 466,1
271 F.3d 374,1
318 F.3d 113,1
"901 F.3d
80",1
987 F.2d 1319,1
79 F.3d 234,1
510 U.S. 823,1
"420 F.3d
897",1
196 F.3d 818,1
"503 U.S.
258",1
"315
S.W.3d 533",1
137 S. Ct. 905,1
"89 S.W.3d
814",1
"428 S.W.3d
319",1
125 S.W.3d 505,1
255 S.W.3d 394,1
"332 S.W.3d
448",1
988 S.W.2d 291,1
26 S.W.3d 711,1
"661
S.W.2d 108",1
158 S.W.3d 449,1
348 U.S. 11,1
661 S.W.2d 108,1
"324 S.W.3d
578",1
688 S.W.3d 351,1
708 S.W.3d 1,1
537 S.W.3d 312,1
"537 S.W.3d
312",1
"676
S.W.2d 431",1
"969 S.W.2d
427",1
79 F.3d 1415,1
644 F.2d 357,1
134 F.3d 309,1
711 F.2d 619,1
490 U.S. 858,1
474 U.S. 140,1
313 F.3d 253,1
857 F.2d 275,1
677 F.3d 712,1
421 U.S. 117,1
457 U.S. 496,1
"474 U.S.
327",1
226 S.W.3d 634,1
441 U.S. 418,1
"455
U.S. 422",1
227 S.W.3d 391,1
216 S.W.3d 344,1
"607 S.W.3d
471",1
592 F.2d 770,1
"401
U.S. 402",1
"413 F.3d
510",1
80 U.S. 335,1
97 F.3d 107,1
870 F.2d 992,1
944 F.2d 229,1
764 F.2d 294,1
492 U.S. 921,1
"994
F.2d 1121",1
860 S.W.2d 209,1
989 S.W.2d 20,1
24 S.W.3d 548,1
348 S.W.3d 365,1
34 F.3d 1321,1
822 F.2d 1242,1
2 F.3d 157,1
711 F. Supp. 1016,1
215 S.W.3d 901,1
"590
S.W.3d 535",1
167 S.W.3d 827,1
727 S.W.2d 364,1
"903 S.W.2d
119",1
"313 S.W.3d
475",1
943 S.W.2d 166,1
313 S.W.3d 475,1
903 S.W.2d 119,1
993 S.W.2d 871,1
400 S.W.3d 173,1
"443 S.W.3d
441",1
"979
S.W.2d 686",1
"573 F.3d
1011",1
528 F.3d 727,1
"661
F.3d 1291",1
"782
F.2d 883",1
"413 F.3d
1253",1
950 F.2d 1519,1
"661 F.3d
1291",1
"695 F.3d
1125",1
97 S.W.3d 205,1
"919
S.W.2d 777",1
"53
S.W.3d 818",1
829 S.W.2d 345,1
671 S.W.2d 112,1
"185 S.W.3d
499",1
962 S.W.2d 237,1
"711 S.W.2d
64",1
"695 S.W.2d
320",1
711 S.W.2d 64,1
"829 S.W.2d
345",1
424 U.S. 409,1
946 S.W.2d 558,1
"116 S.W.3d
351",1
877 S.W.2d 390,1
53 S.W.3d 818,1
577 F. Supp. 339,1
655 F. Supp. 16,1
351 F.3d 294,1
985 F.2d 561,1
"175 L. Ed. 2d
943",1
865 F.2d 155,1
491 U.S. 905,1
883 F.2d 262,1
825 F.2d 50,1
"24 F.3d
535",1
217 F.3d 225,1
"455 U.S.
445",1
556 U.S. 939,1
780 F.2d 27,1
846 F. Supp. 1482,1
451 F.3d 1097,1
498 F.3d 1115,1
962 F.2d 1517,1
523 F.3d 1278,1
845 F.2d 755,1
127 S. Ct. 1955,1
"204 F.3d
1005",1
43 F.3d 1340,1
952 F.2d 1398,1
811 F.2d 1108,1
590 U.S. 504,1
554 S.W.2d 935,1
713 S.W.2d 801,1
979 S.W.2d 429,1
89 S.W.3d 757,1
"545 S.W.2d
955",1
687 S.W.2d 19,1
718 S.W.2d 759,1
598 S.W.2d 231,1
773 S.W.2d 698,1
407 S.W.3d 416,1
"359 S.W.3d
284",1
666 F. Supp. 1500,1
65 F.3d 256,1
836 F.3d 1340,1
"498
F. Supp. 2d 831",1
341 F.3d 1292,1
"465 F.3d
1277",1
96 F.3d 566,1
265 S.W.3d 44,1
974 S.W.2d 55,1
249 S.W.3d 441,1
847 S.W.2d 343,1
"395 S.W.3d
917",1
991 S.W.2d 787,1
"128 S.W.3d
687",1
395 S.W.3d 917,1
145 S.W.3d 150,1
689 S.W.3d 620,1
96 S.W.3d 711,1
544 S.W.3d 824,1
593 S.W.3d 810,1
525 S.W.3d 310,1
39 S.W.3d 191,1
590 S.W.3d 535,1
"364
S.W.2d 220",1
"19
S.W.3d 278",1
28 S.W. 281,1
276 S.W.2d 787,1
"135
S.W.2d 564",1
"279
S.W.3d 424",1
"89
S.W.3d 17",1
"155
S.W.3d 478",1
"544
S.W.2d 367",1
"226 S.W.
1117",1
"276 S.W.2d
787",1
"153
S.W.3d 485",1
153 S.W.3d 485,1
459 S.W.3d 175,1
"551 S.W.3d
236",1
354 S.W.2d 933,1
240 S.W.3d 469,1
"28 S.W.
281",1
436 S.W.3d 793,1
492 S.W.3d 419,1
364 S.W.2d 220,1
339 S.W.3d 74,1
54 S.W. 901,1
"279 S.W.3d
424",1
117 S.W.3d 453,1
409 S.W.2d 395,1
881 S.W.2d 297,1
412 S.W.3d 810,1
"459
S.W.3d 175",1
"420 S.W.3d
852",1
"76 S.W.3d
512",1
"544 S.W.2d
367",1
391 S.W.2d 723,1
940 S.W.2d 265,1
"787 S.W.2d
166",1
787 S.W.2d 166,1
553 S.W.2d 207,1
533 S.W.2d 52,1
699 S.W.2d 620,1
511 S.W.2d 379,1
273 S.W. 315,1
713 S.W.2d 377,1
386 S.W.2d 642,1
506 S.W.2d 934,1
56 S.W.2d 950,1
862 F.3d 1157,1
732 S.W.2d 6,1
407 S.W.2d 212,1
681 S.W.3d 916,1
"480
S.W.2d 421",1
651 S.W.2d 940,1
59 S.W.3d 326,1
487 S.W.2d 382,1
869 S.W.2d 415,1
260 S.W. 679,1
501 U.S. 32,1
235 S.W.2d 473,1
633 S.W.3d 36,1
999 S.W.2d 85,1
703 S.W.2d 791,1
667 S.W.2d 240,1
889 S.W.2d 271,1
929 S.W.2d 94,1
249 S.W.3d 568,1
579 S.W.2d 295,1
118 S.W.3d 868,1
616 S.W.2d 649,1
273 S.W. 296,1
274 S.W.3d 245,1
714 F. Supp. 1132,1
115 F. Supp. 2d 1210,1
"384
S.W.3d 796",1
"560
S.W.3d 624",1
560 S.W.3d 624,1
384 S.W.3d 796,1
80 S.W.3d 669,1
407 S.W.3d 244,1
832 S.W.2d 617,1
164 S.W.3d 656,1
833 F.2d 1560,1
252 S.W.2d 929,1
135 S.W.3d 598,1
492 S.W.2d 934,1
185 S.W.3d 842,1
358 S.W.2d 557,1
414 S.W.3d 279,1
9 S.W.3d 801,1
"829 S.W.2d
822",1
148 S.W.3d 374,1
"97 S.W.3d
798",1
"168 S.W.3d
802",1
"358
S.W.2d 557",1
92 S.W.3d 502,1
531 S.W.2d 589,1
997 S.W.2d 217,1
19 S.W.3d 906,1
"9
S.W.3d 801",1
731 F.3d 831,1
776 S.W.2d 551,1
"391 S.W.2d
41",1
561 S.W.3d 125,1
841 S.W.2d 437,1
241 S.W.3d 145,1
900 S.W.2d 339,1
513 S.W.2d 533,1
128 S.W.3d 211,1
262 S.W.3d 834,1
465 S.W.3d 637,1
"891
S.W.2d 640",1
602 S.W.2d 512,1
891 S.W.2d 640,1
292 S.W.2d 368,1
922 S.W.2d 928,1
"167
S.W.3d 476",1
899 S.W.2d 195,1
541 U.S. 1030,1
"168
S.W.3d 802",1
236 S.W.3d 754,1
924 S.W.2d 375,1
28 S.W.3d 22,1
710 S.W.2d 59,1
"940
S.W.2d 77",1
555 S.W.3d 79,1
940 S.W.2d 77,1
330 S.W.3d 6,1
856 S.W.2d 732,1
927 S.W.2d 623,1
918 F.2d 937,1
73 S.W.3d 193,1
"589 S.W.2d
671",1
"19 S.W.3d
906",1
"941
S.W.2d 910",1
"135
S.W.3d 598",1
98 S.W.3d 297,1
987 F.2d 766,1
135 S.W.3d 646,1
289 S.W.3d 844,1
97 S.W.3d 798,1
926 S.W.2d 280,1
589 S.W.2d 671,1
"669
S.W.2d 309",1
978 S.W.2d 619,1
690 S.W.2d 546,1
54 S.W.3d 66,1
941 S.W.2d 910,1
139 F.3d 532,1
41 S.W.3d 746,1
300 S.W.2d 286,1
22 S.W.3d 868,1
73 S.W.3d 211,1
"73
S.W.3d 211",1
477 U.S. 317,1
"185
S.W.3d 842",1
488 S.W.2d 64,1
461 S.W.3d 218,1
834 S.W.2d 439,1
92 S.W.3d 450,1
988 S.W.2d 746,1
858 S.W.2d 337,1
"763 S.W.2d
411",1
171 S.W.3d 257,1
790 S.W.2d 559,1
167 S.W.3d 476,1
"856 S.W.2d
732",1
605 S.W.3d 761,1
"988
S.W.2d 746",1
450 S.W.2d 827,1
"252 S.W.2d
929",1
829 S.W.2d 822,1
388 S.W.3d 775,1
819 S.W.2d 470,1
391 S.W.2d 41,1
148 S.W.3d 94,1
264 S.W.2d 85,1
315 S.W.3d 494,1
904 S.W.2d 823,1
936 S.W.2d 661,1
225 S.W.3d 146,1
705 S.W.3d 479,1
772 S.W.2d 193,1
22 S.W.3d 408,1
358 S.W.3d 841,1
463 S.W.2d 424,1
"463 S.W.2d
424",1
351 S.W.3d 290,1
470 S.W.3d 237,1
762 F.2d 1522,1
"872 F.2d
347",1
819 F.2d 1542,1
645 F. Supp. 808,1
464 U.S. 828,1
"850 F.2d
650",1
703 F.2d 1186,1
"194 F.3d
1089",1
818 F.3d 1015,1
"674
F. Supp. 321",1
"577 S.W.3d
230",1
210 S.W.3d 776,1
"543
S.W.2d 349",1
577 S.W.3d 230,1
413 S.W.2d 698,1
471 S.W.3d 147,1
401 S.W.3d 681,1
"54
S.W. 901",1
577 S.W.3d 541,1
244 S.W.3d 397,1
278 S.W.3d 874,1
249 S.W.3d 625,1
108 S.W.3d 467,1
77 S.W.2d 883,1
870 S.W.2d 200,1
"792 S.W.2d
139",1
792 S.W.2d 139,1
